id,dosya_adi
1,seq_000675.jpg
2,seq_000676.jpg
3,seq_000677.jpg
4,seq_000678.jpg
5,seq_000679.jpg
6,seq_000680.jpg
7,seq_000681.jpg
8,seq_000682.jpg
9,seq_000683.jpg
10,seq_000684.jpg
11,seq_000685.jpg
12,seq_000686.jpg
13,seq_000687.jpg
14,seq_000688.jpg
15,seq_000689.jpg
16,seq_000690.jpg
17,seq_000691.jpg
18,seq_000692.jpg
19,seq_000693.jpg
20,seq_000694.jpg
21,seq_000695.jpg
22,seq_000696.jpg
23,seq_000697.jpg
24,seq_000698.jpg
25,seq_000699.jpg
26,seq_000700.jpg
27,seq_000701.jpg
28,seq_000702.jpg
29,seq_000703.jpg
30,seq_000704.jpg
31,seq_000705.jpg
32,seq_000706.jpg
33,seq_000707.jpg
34,seq_000708.jpg
35,seq_000709.jpg
36,seq_000710.jpg
37,seq_000711.jpg
38,seq_000712.jpg
39,seq_000713.jpg
40,seq_000714.jpg
41,seq_000715.jpg
42,seq_000716.jpg
43,seq_000717.jpg
44,seq_000718.jpg
45,seq_000719.jpg
46,seq_000720.jpg
47,seq_000721.jpg
48,seq_000722.jpg
49,seq_000723.jpg
50,seq_000724.jpg
51,seq_000725.jpg
52,seq_000726.jpg
53,seq_000727.jpg
54,seq_000728.jpg
55,seq_000729.jpg
56,seq_000730.jpg
57,seq_000731.jpg
58,seq_000732.jpg
59,seq_000733.jpg
60,seq_000734.jpg
61,seq_000735.jpg
62,seq_000736.jpg
63,seq_000737.jpg
64,seq_000738.jpg
65,seq_000739.jpg
66,seq_000740.jpg
67,seq_000741.jpg
68,seq_000742.jpg
69,seq_000743.jpg
70,seq_000744.jpg
71,seq_000745.jpg
72,seq_000746.jpg
73,seq_000747.jpg
74,seq_000748.jpg
75,seq_000749.jpg
76,seq_000750.jpg
77,seq_000751.jpg
78,seq_000752.jpg
79,seq_000753.jpg
80,seq_000754.jpg
81,seq_000755.jpg
82,seq_000756.jpg
83,seq_000757.jpg
84,seq_000758.jpg
85,seq_000759.jpg
86,seq_000760.jpg
87,seq_000761.jpg
88,seq_000762.jpg
89,seq_000763.jpg
90,seq_000764.jpg
91,seq_000765.jpg
92,seq_000766.jpg
93,seq_000767.jpg
94,seq_000768.jpg
95,seq_000769.jpg
96,seq_000770.jpg
97,seq_000771.jpg
98,seq_000772.jpg
99,seq_000773.jpg
100,seq_000774.jpg
101,seq_000775.jpg
102,seq_000776.jpg
103,seq_000777.jpg
104,seq_000778.jpg
105,seq_000779.jpg
106,seq_000780.jpg
107,seq_000781.jpg
108,seq_000782.jpg
109,seq_000783.jpg
110,seq_000784.jpg
111,seq_000785.jpg
112,seq_000786.jpg
113,seq_000787.jpg
114,seq_000788.jpg
115,seq_000789.jpg
116,seq_000790.jpg
117,seq_000791.jpg
118,seq_000792.jpg
119,seq_000793.jpg
120,seq_000794.jpg
121,seq_000795.jpg
122,seq_000796.jpg
123,seq_000797.jpg
124,seq_000798.jpg
125,seq_000799.jpg
126,seq_000800.jpg
127,seq_000801.jpg
128,seq_000802.jpg
129,seq_000803.jpg
130,seq_000804.jpg
131,seq_000805.jpg
132,seq_000806.jpg
133,seq_000807.jpg
134,seq_000808.jpg
135,seq_000809.jpg
136,seq_000810.jpg
137,seq_000811.jpg
138,seq_000812.jpg
139,seq_000813.jpg
140,seq_000814.jpg
141,seq_000815.jpg
142,seq_000816.jpg
143,seq_000817.jpg
144,seq_000818.jpg
145,seq_000819.jpg
146,seq_000820.jpg
147,seq_000821.jpg
148,seq_000822.jpg
149,seq_000823.jpg
150,seq_000824.jpg
151,seq_000825.jpg
152,seq_000826.jpg
153,seq_000827.jpg
154,seq_000828.jpg
155,seq_000829.jpg
156,seq_000830.jpg
157,seq_000831.jpg
158,seq_000832.jpg
159,seq_000833.jpg
160,seq_000834.jpg
161,seq_000835.jpg
162,seq_000836.jpg
163,seq_000837.jpg
164,seq_000838.jpg
165,seq_000839.jpg
166,seq_000840.jpg
167,seq_000841.jpg
168,seq_000842.jpg
169,seq_000843.jpg
170,seq_000844.jpg
171,seq_000845.jpg
172,seq_000846.jpg
173,seq_000847.jpg
174,seq_000848.jpg
175,seq_000849.jpg
176,seq_000850.jpg
177,seq_000851.jpg
178,seq_000852.jpg
179,seq_000853.jpg
180,seq_000854.jpg
181,seq_000855.jpg
182,seq_000856.jpg
183,seq_000857.jpg
184,seq_000858.jpg
185,seq_000859.jpg
186,seq_000860.jpg
187,seq_000861.jpg
188,seq_000862.jpg
189,seq_000863.jpg
190,seq_000864.jpg
191,seq_000865.jpg
192,seq_000866.jpg
193,seq_000867.jpg
194,seq_000868.jpg
195,seq_000869.jpg
196,seq_000870.jpg
197,seq_000871.jpg
198,seq_000872.jpg
199,seq_000873.jpg
200,seq_000874.jpg
201,seq_000875.jpg
202,seq_000876.jpg
203,seq_000877.jpg
204,seq_000878.jpg
205,seq_000879.jpg
206,seq_000880.jpg
207,seq_000881.jpg
208,seq_000882.jpg
209,seq_000883.jpg
210,seq_000884.jpg
211,seq_000885.jpg
212,seq_000886.jpg
213,seq_000887.jpg
214,seq_000888.jpg
215,seq_000889.jpg
216,seq_000890.jpg
217,seq_000891.jpg
218,seq_000892.jpg
219,seq_000893.jpg
220,seq_000894.jpg
221,seq_000895.jpg
222,seq_000896.jpg
223,seq_000897.jpg
224,seq_000898.jpg
225,seq_000899.jpg
226,seq_000900.jpg
227,seq_000901.jpg
228,seq_000902.jpg
229,seq_000903.jpg
230,seq_000904.jpg
231,seq_000905.jpg
232,seq_000906.jpg
233,seq_000907.jpg
234,seq_000908.jpg
235,seq_000909.jpg
236,seq_000910.jpg
237,seq_000911.jpg
238,seq_000912.jpg
239,seq_000913.jpg
240,seq_000914.jpg
241,seq_000915.jpg
242,seq_000916.jpg
243,seq_000917.jpg
244,seq_000918.jpg
245,seq_000919.jpg
246,seq_000920.jpg
247,seq_000921.jpg
248,seq_000922.jpg
249,seq_000923.jpg
250,seq_000924.jpg
251,seq_000925.jpg
252,seq_000926.jpg
253,seq_000927.jpg
254,seq_000928.jpg
255,seq_000929.jpg
256,seq_000930.jpg
257,seq_000931.jpg
258,seq_000932.jpg
259,seq_000933.jpg
260,seq_000934.jpg
261,seq_000935.jpg
262,seq_000936.jpg
263,seq_000937.jpg
264,seq_000938.jpg
265,seq_000939.jpg
266,seq_000940.jpg
267,seq_000941.jpg
268,seq_000942.jpg
269,seq_000943.jpg
270,seq_000944.jpg
271,seq_000945.jpg
272,seq_000946.jpg
273,seq_000947.jpg
274,seq_000948.jpg
275,seq_000949.jpg
276,seq_000950.jpg
277,seq_000951.jpg
278,seq_000952.jpg
279,seq_000953.jpg
280,seq_000954.jpg
281,seq_000955.jpg
282,seq_000956.jpg
283,seq_000957.jpg
284,seq_000958.jpg
285,seq_000959.jpg
286,seq_000960.jpg
287,seq_000961.jpg
288,seq_000962.jpg
289,seq_000963.jpg
290,seq_000964.jpg
291,seq_000965.jpg
292,seq_000966.jpg
293,seq_000967.jpg
294,seq_000968.jpg
295,seq_000969.jpg
296,seq_000970.jpg
297,seq_000971.jpg
298,seq_000972.jpg
299,seq_000973.jpg
300,seq_000974.jpg
301,seq_000975.jpg
302,seq_000976.jpg
303,seq_000977.jpg
304,seq_000978.jpg
305,seq_000979.jpg
306,seq_000980.jpg
307,seq_000981.jpg
308,seq_000982.jpg
309,seq_000983.jpg
310,seq_000984.jpg
311,seq_000985.jpg
312,seq_000986.jpg
313,seq_000987.jpg
314,seq_000988.jpg
315,seq_000989.jpg
316,seq_000990.jpg
317,seq_000991.jpg
318,seq_000992.jpg
319,seq_000993.jpg
320,seq_000994.jpg
321,seq_000995.jpg
322,seq_000996.jpg
323,seq_000997.jpg
324,seq_000998.jpg
325,seq_000999.jpg
326,seq_001000.jpg
327,seq_001001.jpg
328,seq_001002.jpg
329,seq_001003.jpg
330,seq_001004.jpg
331,seq_001005.jpg
332,seq_001006.jpg
333,seq_001007.jpg
334,seq_001008.jpg
335,seq_001009.jpg
336,seq_001010.jpg
337,seq_001011.jpg
338,seq_001012.jpg
339,seq_001013.jpg
340,seq_001014.jpg
341,seq_001015.jpg
342,seq_001016.jpg
343,seq_001017.jpg
344,seq_001018.jpg
345,seq_001019.jpg
346,seq_001020.jpg
347,seq_001021.jpg
348,seq_001022.jpg
349,seq_001023.jpg
350,seq_001024.jpg
351,seq_001025.jpg
352,seq_001026.jpg
353,seq_001027.jpg
354,seq_001028.jpg
355,seq_001029.jpg
356,seq_001030.jpg
357,seq_001031.jpg
358,seq_001032.jpg
359,seq_001033.jpg
360,seq_001034.jpg
361,seq_001035.jpg
362,seq_001036.jpg
363,seq_001037.jpg
364,seq_001038.jpg
365,seq_001039.jpg
366,seq_001040.jpg
367,seq_001041.jpg
368,seq_001042.jpg
369,seq_001043.jpg
370,seq_001044.jpg
371,seq_001045.jpg
372,seq_001046.jpg
373,seq_001047.jpg
374,seq_001048.jpg
375,seq_001049.jpg
376,seq_001050.jpg
377,seq_001051.jpg
378,seq_001052.jpg
379,seq_001053.jpg
380,seq_001054.jpg
381,seq_001055.jpg
382,seq_001056.jpg
383,seq_001057.jpg
384,seq_001058.jpg
385,seq_001059.jpg
386,seq_001060.jpg
387,seq_001061.jpg
388,seq_001062.jpg
389,seq_001063.jpg
390,seq_001064.jpg
391,seq_001065.jpg
392,seq_001066.jpg
393,seq_001067.jpg
394,seq_001068.jpg
395,seq_001069.jpg
396,seq_001070.jpg
397,seq_001071.jpg
398,seq_001072.jpg
399,seq_001073.jpg
400,seq_001074.jpg
401,seq_001075.jpg
402,seq_001076.jpg
403,seq_001077.jpg
404,seq_001078.jpg
405,seq_001079.jpg
406,seq_001080.jpg
407,seq_001081.jpg
408,seq_001082.jpg
409,seq_001083.jpg
410,seq_001084.jpg
411,seq_001085.jpg
412,seq_001086.jpg
413,seq_001087.jpg
414,seq_001088.jpg
415,seq_001089.jpg
416,seq_001090.jpg
417,seq_001091.jpg
418,seq_001092.jpg
419,seq_001093.jpg
420,seq_001094.jpg
421,seq_001095.jpg
422,seq_001096.jpg
423,seq_001097.jpg
424,seq_001098.jpg
425,seq_001099.jpg
426,seq_001100.jpg
427,seq_001101.jpg
428,seq_001102.jpg
429,seq_001103.jpg
430,seq_001104.jpg
431,seq_001105.jpg
432,seq_001106.jpg
433,seq_001107.jpg
434,seq_001108.jpg
435,seq_001109.jpg
436,seq_001110.jpg
437,seq_001111.jpg
438,seq_001112.jpg
439,seq_001113.jpg
440,seq_001114.jpg
441,seq_001115.jpg
442,seq_001116.jpg
443,seq_001117.jpg
444,seq_001118.jpg
445,seq_001119.jpg
446,seq_001120.jpg
447,seq_001121.jpg
448,seq_001122.jpg
449,seq_001123.jpg
450,seq_001124.jpg
451,seq_001125.jpg
452,seq_001126.jpg
453,seq_001127.jpg
454,seq_001128.jpg
455,seq_001129.jpg
456,seq_001130.jpg
457,seq_001131.jpg
458,seq_001132.jpg
459,seq_001133.jpg
460,seq_001134.jpg
461,seq_001135.jpg
462,seq_001136.jpg
463,seq_001137.jpg
464,seq_001138.jpg
465,seq_001139.jpg
466,seq_001140.jpg
467,seq_001141.jpg
468,seq_001142.jpg
469,seq_001143.jpg
470,seq_001144.jpg
471,seq_001145.jpg
472,seq_001146.jpg
473,seq_001147.jpg
474,seq_001148.jpg
475,seq_001149.jpg
476,seq_001150.jpg
477,seq_001151.jpg
478,seq_001152.jpg
479,seq_001153.jpg
480,seq_001154.jpg
481,seq_001155.jpg
482,seq_001156.jpg
483,seq_001157.jpg
484,seq_001158.jpg
485,seq_001159.jpg
486,seq_001160.jpg
487,seq_001161.jpg
488,seq_001162.jpg
489,seq_001163.jpg
490,seq_001164.jpg
491,seq_001165.jpg
492,seq_001166.jpg
493,seq_001167.jpg
494,seq_001168.jpg
495,seq_001169.jpg
496,seq_001170.jpg
497,seq_001171.jpg
498,seq_001172.jpg
499,seq_001173.jpg
500,seq_001174.jpg
501,seq_001175.jpg
502,seq_001176.jpg
503,seq_001177.jpg
504,seq_001178.jpg
505,seq_001179.jpg
506,seq_001180.jpg
507,seq_001181.jpg
508,seq_001182.jpg
509,seq_001183.jpg
510,seq_001184.jpg
511,seq_001185.jpg
512,seq_001186.jpg
513,seq_001187.jpg
514,seq_001188.jpg
515,seq_001189.jpg
516,seq_001190.jpg
517,seq_001191.jpg
518,seq_001192.jpg
519,seq_001193.jpg
520,seq_001194.jpg
521,seq_001195.jpg
522,seq_001196.jpg
523,seq_001197.jpg
524,seq_001198.jpg
525,seq_001199.jpg
526,seq_001200.jpg
527,seq_001201.jpg
528,seq_001202.jpg
529,seq_001203.jpg
530,seq_001204.jpg
531,seq_001205.jpg
532,seq_001206.jpg
533,seq_001207.jpg
534,seq_001208.jpg
535,seq_001209.jpg
536,seq_001210.jpg
537,seq_001211.jpg
538,seq_001212.jpg
539,seq_001213.jpg
540,seq_001214.jpg
541,seq_001215.jpg
542,seq_001216.jpg
543,seq_001217.jpg
544,seq_001218.jpg
545,seq_001219.jpg
546,seq_001220.jpg
547,seq_001221.jpg
548,seq_001222.jpg
549,seq_001223.jpg
550,seq_001224.jpg
551,seq_001225.jpg
552,seq_001226.jpg
553,seq_001227.jpg
554,seq_001228.jpg
555,seq_001229.jpg
556,seq_001230.jpg
557,seq_001231.jpg
558,seq_001232.jpg
559,seq_001233.jpg
560,seq_001273.jpg
561,seq_001274.jpg
562,seq_001275.jpg
563,seq_001276.jpg
564,seq_001277.jpg
565,seq_001278.jpg
566,seq_001279.jpg
567,seq_001280.jpg
568,seq_001281.jpg
569,seq_001282.jpg
570,seq_001283.jpg
571,seq_001284.jpg
572,seq_001285.jpg
573,seq_001286.jpg
574,seq_001287.jpg
575,seq_001288.jpg
576,seq_001289.jpg
577,seq_001290.jpg
578,seq_001291.jpg
579,seq_001292.jpg
580,seq_001293.jpg
581,seq_001294.jpg
582,seq_001295.jpg
583,seq_001296.jpg
584,seq_001297.jpg
585,seq_001298.jpg
586,seq_001299.jpg
587,seq_001300.jpg
588,seq_001301.jpg
589,seq_001302.jpg
590,seq_001303.jpg
591,seq_001304.jpg
592,seq_001305.jpg
593,seq_001306.jpg
594,seq_001307.jpg
595,seq_001308.jpg
596,seq_001309.jpg
597,seq_001310.jpg
598,seq_001311.jpg
599,seq_001312.jpg
600,seq_001313.jpg
601,seq_001314.jpg
602,seq_001315.jpg
603,seq_001316.jpg
604,seq_001317.jpg
605,seq_001318.jpg
606,seq_001319.jpg
607,seq_001320.jpg
608,seq_001321.jpg
609,seq_001322.jpg
610,seq_001323.jpg
611,seq_001324.jpg
612,seq_001325.jpg
613,seq_001326.jpg
614,seq_001327.jpg
615,seq_001328.jpg
616,seq_001329.jpg
617,seq_001330.jpg
618,seq_001331.jpg
619,seq_001332.jpg
620,seq_001333.jpg
621,seq_001334.jpg
622,seq_001335.jpg
623,seq_001336.jpg
624,seq_001337.jpg
625,seq_001338.jpg
626,seq_001339.jpg
627,seq_001340.jpg
628,seq_001341.jpg
629,seq_001342.jpg
630,seq_001343.jpg
631,seq_001344.jpg
632,seq_001345.jpg
633,seq_001346.jpg
634,seq_001347.jpg
635,seq_001348.jpg
636,seq_001349.jpg
637,seq_001350.jpg
638,seq_001351.jpg
639,seq_001352.jpg
640,seq_001353.jpg
641,seq_001354.jpg
642,seq_001355.jpg
643,seq_001356.jpg
644,seq_001357.jpg
645,seq_001358.jpg
646,seq_001359.jpg
647,seq_001360.jpg
648,seq_001361.jpg
649,seq_001362.jpg
650,seq_001363.jpg
651,seq_001364.jpg
652,seq_001365.jpg
653,seq_001366.jpg
654,seq_001367.jpg
655,seq_001368.jpg
656,seq_001369.jpg
657,seq_001370.jpg
658,seq_001371.jpg
659,seq_001372.jpg
660,seq_001373.jpg
661,seq_001374.jpg
662,seq_001375.jpg
663,seq_001376.jpg
664,seq_001377.jpg
665,seq_001378.jpg
666,seq_001379.jpg
667,seq_001380.jpg
668,seq_001381.jpg
669,seq_001382.jpg
670,seq_001383.jpg
671,seq_001384.jpg
672,seq_001385.jpg
673,seq_001386.jpg
674,seq_001387.jpg
675,seq_001388.jpg
676,seq_001389.jpg
677,seq_001390.jpg
678,seq_001391.jpg
679,seq_001392.jpg
680,seq_001393.jpg
681,seq_001394.jpg
682,seq_001395.jpg
683,seq_001396.jpg
684,seq_001397.jpg
685,seq_001398.jpg
686,seq_001399.jpg
687,seq_001400.jpg
688,seq_001401.jpg
689,seq_001402.jpg
690,seq_001429.jpg
691,seq_001430.jpg
692,seq_001431.jpg
693,seq_001432.jpg
694,seq_001433.jpg
695,seq_001434.jpg
696,seq_001435.jpg
697,seq_001436.jpg
698,seq_001437.jpg
699,seq_001438.jpg
700,seq_001439.jpg
701,seq_001440.jpg
702,seq_001441.jpg
703,seq_001442.jpg
704,seq_001443.jpg
705,seq_001444.jpg
706,seq_001445.jpg
707,seq_001446.jpg
708,seq_001447.jpg
709,seq_001448.jpg
710,seq_001449.jpg
711,seq_001450.jpg
712,seq_001451.jpg
713,seq_001452.jpg
714,seq_001453.jpg
715,seq_001454.jpg
716,seq_001455.jpg
717,seq_001456.jpg
718,seq_001457.jpg
719,seq_001458.jpg
720,seq_001459.jpg
721,seq_001460.jpg
722,seq_001461.jpg
723,seq_001462.jpg
724,seq_001463.jpg
725,seq_001464.jpg
726,seq_001465.jpg
727,seq_001466.jpg
728,seq_001467.jpg
729,seq_001468.jpg
730,seq_001469.jpg
731,seq_001470.jpg
732,seq_001471.jpg
733,seq_001472.jpg
734,seq_001473.jpg
735,seq_001474.jpg
736,seq_001475.jpg
737,seq_001476.jpg
738,seq_001477.jpg
739,seq_001478.jpg
740,seq_001479.jpg
741,seq_001480.jpg
742,seq_001481.jpg
743,seq_001482.jpg
744,seq_001483.jpg
745,seq_001484.jpg
746,seq_001485.jpg
747,seq_001486.jpg
748,seq_001487.jpg
749,seq_001488.jpg
750,seq_001489.jpg
751,seq_001490.jpg
752,seq_001491.jpg
753,seq_001492.jpg
754,seq_001493.jpg
755,seq_001494.jpg
756,seq_001495.jpg
757,seq_001496.jpg
758,seq_001497.jpg
759,seq_001498.jpg
760,seq_001499.jpg
761,seq_001500.jpg
762,seq_001501.jpg
763,seq_001502.jpg
764,seq_001503.jpg
765,seq_001504.jpg
766,seq_001505.jpg
767,seq_001506.jpg
768,seq_001507.jpg
769,seq_001508.jpg
770,seq_001509.jpg
771,seq_001510.jpg
772,seq_001511.jpg
773,seq_001512.jpg
774,seq_001513.jpg
775,seq_001514.jpg
776,seq_001515.jpg
777,seq_001516.jpg
778,seq_001517.jpg
779,seq_001518.jpg
780,seq_001519.jpg
781,seq_001520.jpg
782,seq_001521.jpg
783,seq_001522.jpg
784,seq_001523.jpg
785,seq_001524.jpg
786,seq_001525.jpg
787,seq_001526.jpg
788,seq_001527.jpg
789,seq_001528.jpg
790,seq_001529.jpg
791,seq_001530.jpg
792,seq_001531.jpg
793,seq_001532.jpg
794,seq_001533.jpg
795,seq_001534.jpg
796,seq_001535.jpg
797,seq_001536.jpg
798,seq_001537.jpg
799,seq_001538.jpg
800,seq_001539.jpg
801,seq_001540.jpg
802,seq_001541.jpg
803,seq_001542.jpg
804,seq_001543.jpg
805,seq_001544.jpg
806,seq_001545.jpg
807,seq_001546.jpg
808,seq_001547.jpg
809,seq_001548.jpg
810,seq_001549.jpg
811,seq_001550.jpg
812,seq_001551.jpg
813,seq_001552.jpg
814,seq_001553.jpg
815,seq_001554.jpg
816,seq_001555.jpg
817,seq_001556.jpg
818,seq_001557.jpg
819,seq_001558.jpg
820,seq_001559.jpg
821,seq_001560.jpg
822,seq_001561.jpg
823,seq_001562.jpg
824,seq_001563.jpg
825,seq_001564.jpg
826,seq_001565.jpg
827,seq_001566.jpg
828,seq_001567.jpg
829,seq_001568.jpg
830,seq_001569.jpg
831,seq_001570.jpg
832,seq_001571.jpg
833,seq_001572.jpg
834,seq_001573.jpg
835,seq_001574.jpg
836,seq_001575.jpg
837,seq_001576.jpg
838,seq_001577.jpg
839,seq_001578.jpg
840,seq_001579.jpg
841,seq_001580.jpg
842,seq_001581.jpg
843,seq_001582.jpg
844,seq_001583.jpg
845,seq_001584.jpg
846,seq_001585.jpg
847,seq_001586.jpg
848,seq_001587.jpg
849,seq_001588.jpg
850,seq_001589.jpg
851,seq_001590.jpg
852,seq_001591.jpg
853,seq_001592.jpg
854,seq_001593.jpg
855,seq_001594.jpg
856,seq_001595.jpg
857,seq_001596.jpg
858,seq_001597.jpg
859,seq_001598.jpg
860,seq_001599.jpg
861,seq_001600.jpg
862,seq_001601.jpg
863,seq_001602.jpg
864,seq_001603.jpg
865,seq_001604.jpg
866,seq_001605.jpg
867,seq_001606.jpg
868,seq_001607.jpg
869,seq_001608.jpg
870,seq_001609.jpg
871,seq_001610.jpg
872,seq_001611.jpg
873,seq_001612.jpg
874,seq_001613.jpg
875,seq_001614.jpg
876,seq_001615.jpg
877,seq_001616.jpg
878,seq_001617.jpg
879,seq_001618.jpg
880,seq_001619.jpg
881,seq_001620.jpg
882,seq_001621.jpg
883,seq_001622.jpg
884,seq_001623.jpg
885,seq_001624.jpg
886,seq_001625.jpg
887,seq_001626.jpg
888,seq_001627.jpg
889,seq_001628.jpg
890,seq_001629.jpg
891,seq_001630.jpg
892,seq_001631.jpg
893,seq_001632.jpg
894,seq_001633.jpg
895,seq_001634.jpg
896,seq_001635.jpg
897,seq_001636.jpg
898,seq_001637.jpg
899,seq_001638.jpg
900,seq_001639.jpg
901,seq_001640.jpg
902,seq_001641.jpg
903,seq_001642.jpg
904,seq_001643.jpg
905,seq_001644.jpg
906,seq_001645.jpg
907,seq_001646.jpg
908,seq_001647.jpg
909,seq_001648.jpg
910,seq_001649.jpg
911,seq_001650.jpg
912,seq_001651.jpg
913,seq_001652.jpg
914,seq_001653.jpg
915,seq_001654.jpg
916,seq_001655.jpg
917,seq_001656.jpg
918,seq_001657.jpg
919,seq_001658.jpg
920,seq_001659.jpg
921,seq_001660.jpg
922,seq_001661.jpg
923,seq_001662.jpg
924,seq_001663.jpg
925,seq_001664.jpg
926,seq_001665.jpg
927,seq_001666.jpg
928,seq_001667.jpg
929,seq_001668.jpg
930,seq_001669.jpg
931,seq_001670.jpg
932,seq_001671.jpg
933,seq_001672.jpg
934,seq_001673.jpg
935,seq_001674.jpg
936,seq_001675.jpg
937,seq_001676.jpg
938,seq_001677.jpg
939,seq_001678.jpg
940,seq_001679.jpg
941,seq_001680.jpg
942,seq_001681.jpg
943,seq_001682.jpg
944,seq_001683.jpg
945,seq_001684.jpg
946,seq_001685.jpg
947,seq_001686.jpg
948,seq_001687.jpg
949,seq_001688.jpg
950,seq_001689.jpg
951,seq_001690.jpg
952,seq_001691.jpg
953,seq_001692.jpg
954,seq_001693.jpg
955,seq_001694.jpg
956,seq_001695.jpg
957,seq_001696.jpg
958,seq_001697.jpg
959,seq_001698.jpg
960,seq_001699.jpg
961,seq_001700.jpg
962,seq_001701.jpg
963,seq_001702.jpg
964,seq_001703.jpg
965,seq_001704.jpg
966,seq_001705.jpg
967,seq_001706.jpg
968,seq_001707.jpg
969,seq_001708.jpg
970,seq_001709.jpg
971,seq_001710.jpg
972,seq_001711.jpg
973,seq_001712.jpg
974,seq_001713.jpg
975,seq_001714.jpg
976,seq_001715.jpg
977,seq_001716.jpg
978,seq_001717.jpg
979,seq_001718.jpg
980,seq_001719.jpg
981,seq_001720.jpg
982,seq_001721.jpg
983,seq_001722.jpg
984,seq_001723.jpg
985,seq_001724.jpg
986,seq_001725.jpg
987,seq_001726.jpg
988,seq_001727.jpg
989,seq_001728.jpg
990,seq_001729.jpg
991,seq_001730.jpg
992,seq_001731.jpg
993,seq_001732.jpg
994,seq_001733.jpg
995,seq_001734.jpg
996,seq_001735.jpg
997,seq_001736.jpg
998,seq_001737.jpg
999,seq_001738.jpg
1000,seq_001739.jpg
1001,seq_001740.jpg
1002,seq_001741.jpg
1003,seq_001742.jpg
1004,seq_001743.jpg
1005,seq_001744.jpg
1006,seq_001745.jpg
1007,seq_001746.jpg
1008,seq_001747.jpg
1009,seq_001748.jpg
1010,seq_001749.jpg
1011,seq_001750.jpg
1012,seq_001751.jpg
1013,seq_001752.jpg
1014,seq_001753.jpg
1015,seq_001754.jpg
1016,seq_001755.jpg
1017,seq_001756.jpg
1018,seq_001757.jpg
1019,seq_001758.jpg
1020,seq_001759.jpg
1021,seq_001760.jpg
1022,seq_001761.jpg
1023,seq_001762.jpg
1024,seq_001763.jpg
1025,seq_001764.jpg
1026,seq_001765.jpg
1027,seq_001766.jpg
1028,seq_001767.jpg
1029,seq_001768.jpg
1030,seq_001769.jpg
1031,seq_001770.jpg
1032,seq_001771.jpg
1033,seq_001772.jpg
1034,seq_001773.jpg
1035,seq_001774.jpg
1036,seq_001775.jpg
1037,seq_001776.jpg
1038,seq_001777.jpg
1039,seq_001778.jpg
1040,seq_001779.jpg
1041,seq_001780.jpg
1042,seq_001781.jpg
1043,seq_001782.jpg
1044,seq_001783.jpg
1045,seq_001784.jpg
1046,seq_001785.jpg
1047,seq_001786.jpg
1048,seq_001787.jpg
1049,seq_001788.jpg
1050,seq_001789.jpg
1051,seq_001790.jpg
1052,seq_001791.jpg
1053,seq_001792.jpg
1054,seq_001793.jpg
1055,seq_001794.jpg
1056,seq_001795.jpg
1057,seq_001796.jpg
1058,seq_001797.jpg
1059,seq_001798.jpg
1060,seq_001799.jpg
1061,seq_001800.jpg
1062,seq_001801.jpg
1063,seq_001802.jpg
1064,seq_001803.jpg
1065,seq_001804.jpg
1066,seq_001805.jpg
1067,seq_001806.jpg
1068,seq_001807.jpg
1069,seq_001808.jpg
1070,seq_001809.jpg
1071,seq_001810.jpg
1072,seq_001811.jpg
1073,seq_001812.jpg
1074,seq_001813.jpg
1075,seq_001814.jpg
1076,seq_001815.jpg
1077,seq_001816.jpg
1078,seq_001817.jpg
1079,seq_001818.jpg
1080,seq_001819.jpg
1081,seq_001820.jpg
1082,seq_001821.jpg
1083,seq_001822.jpg
1084,seq_001823.jpg
1085,seq_001824.jpg
1086,seq_001825.jpg
1087,seq_001826.jpg
1088,seq_001827.jpg
1089,seq_001828.jpg
1090,seq_001829.jpg
1091,seq_001830.jpg
1092,seq_001831.jpg
1093,seq_001832.jpg
1094,seq_001833.jpg
1095,seq_001834.jpg
1096,seq_001835.jpg
1097,seq_001836.jpg
1098,seq_001837.jpg
1099,seq_001838.jpg
1100,seq_001839.jpg
1101,seq_001840.jpg
1102,seq_001841.jpg
1103,seq_001842.jpg
1104,seq_001843.jpg
1105,seq_001844.jpg
1106,seq_001845.jpg
1107,seq_001846.jpg
1108,seq_001847.jpg
1109,seq_001848.jpg
1110,seq_001849.jpg
1111,seq_001850.jpg
1112,seq_001851.jpg
1113,seq_001852.jpg
1114,seq_001853.jpg
1115,seq_001854.jpg
1116,seq_001855.jpg
1117,seq_001856.jpg
1118,seq_001857.jpg
1119,seq_001858.jpg
1120,seq_001859.jpg
1121,seq_001860.jpg
1122,seq_001861.jpg
1123,seq_001862.jpg
1124,seq_001863.jpg
1125,seq_001864.jpg
1126,seq_001865.jpg
1127,seq_001866.jpg
1128,seq_001867.jpg
1129,seq_001868.jpg
1130,seq_001869.jpg
1131,seq_001870.jpg
1132,seq_001871.jpg
1133,seq_001872.jpg
1134,seq_001873.jpg
1135,seq_001874.jpg
1136,seq_001875.jpg
1137,seq_001876.jpg
1138,seq_001877.jpg
1139,seq_001878.jpg
1140,seq_001879.jpg
1141,seq_001880.jpg
1142,seq_001881.jpg
1143,seq_001882.jpg
1144,seq_001883.jpg
1145,seq_001884.jpg
1146,seq_001885.jpg
1147,seq_001886.jpg
1148,seq_001887.jpg
1149,seq_001888.jpg
1150,seq_001889.jpg
1151,seq_001890.jpg
1152,seq_001891.jpg
1153,seq_001892.jpg
1154,seq_001893.jpg
1155,seq_001894.jpg
1156,seq_001895.jpg
1157,seq_001896.jpg
1158,seq_001897.jpg
1159,seq_001898.jpg
1160,seq_001899.jpg
1161,seq_001900.jpg
1162,seq_001901.jpg
1163,seq_001902.jpg
1164,seq_001903.jpg
1165,seq_001904.jpg
1166,seq_001905.jpg
1167,seq_001906.jpg
1168,seq_001907.jpg
1169,seq_001908.jpg
1170,seq_001909.jpg
1171,seq_001910.jpg
1172,seq_001911.jpg
1173,seq_001912.jpg
1174,seq_001913.jpg
1175,seq_001914.jpg
1176,seq_001915.jpg
1177,seq_001916.jpg
1178,seq_001917.jpg
1179,seq_001918.jpg
1180,seq_001919.jpg
1181,seq_001920.jpg
1182,seq_001921.jpg
1183,seq_001922.jpg
1184,seq_001923.jpg
1185,seq_001924.jpg
1186,seq_001925.jpg
1187,seq_001926.jpg
1188,seq_001927.jpg
1189,seq_001928.jpg
1190,seq_001929.jpg
1191,seq_001930.jpg
1192,seq_001931.jpg
1193,seq_001932.jpg
1194,seq_001933.jpg
1195,seq_001934.jpg
1196,seq_001935.jpg
1197,seq_001936.jpg
1198,seq_001937.jpg
1199,seq_001938.jpg
1200,seq_001939.jpg
1201,seq_001940.jpg
1202,seq_001941.jpg
1203,seq_001942.jpg
1204,seq_001943.jpg
1205,seq_001944.jpg
1206,seq_001945.jpg
1207,seq_001946.jpg
1208,seq_001947.jpg
1209,seq_001948.jpg
1210,seq_001949.jpg
1211,seq_001950.jpg
1212,seq_001951.jpg
1213,seq_001952.jpg
1214,seq_001953.jpg
1215,seq_001954.jpg
1216,seq_001955.jpg
1217,seq_001956.jpg
1218,seq_001957.jpg
1219,seq_001958.jpg
